date,timestamp,client,p10,p25,p50,p75,p90
2023_07_01,1688169600000,desktop,540.61,1211.24,2449.6,4883.68,9607.54
2023_07_01,1688169600000,mobile,454.98,1054.96,2157.78,4331.71,8858.13
2023_06_01,1685577600000,desktop,531.13,1192.06,2419.47,4832.33,9504.36
2023_06_01,1685577600000,mobile,443.23,1036.99,2126.81,4282.37,8746.17
2023_05_01,1682899200000,desktop,525.92,1181.16,2393.85,4791.25,9375.89
2023_05_01,1682899200000,mobile,441.58,1025.94,2095.42,4213.52,8593.71
2023_04_01,1680307200000,desktop,517.51,1163.77,2361.29,4720.78,9237.82
2023_04_01,1680307200000,mobile,431.38,1009.49,2077.05,4167.68,8488.76
2023_03_01,1677628800000,desktop,512.87,1153.9,2340.38,4674.73,9164.6
2023_03_01,1677628800000,mobile,426.96,999.61,2058.16,4133.5,8420.63
2023_02_01,1675209600000,desktop,504.0,1141.43,2324.69,4651.25,9132.98
2023_02_01,1675209600000,mobile,418.28,984.17,2037.26,4101.62,8338.62
2023_01_01,1672531200000,desktop,500.54,1117.57,2286.44,4609.56,9051.03
2023_01_01,1672531200000,mobile,410.39,964.41,2006.66,4076.83,8296.97
2022_12_01,1669852800000,desktop,497.61,1114.66,2280.92,4605.75,9038.19
2022_12_01,1669852800000,mobile,410.53,965.89,2006.63,4078.03,8269.8
2022_11_01,1667260800000,desktop,496.99,1116.41,2282.71,4597.79,8984.75
2022_11_01,1667260800000,mobile,409.09,964.17,2003.3,4058.29,8208.98
2022_10_01,1664582400000,desktop,499.53,1122.67,2283.95,4594.49,9004.77
2022_10_01,1664582400000,mobile,421.04,974.48,2010.02,4058.99,8194.76
2022_09_01,1661990400000,desktop,503.85,1126.26,2291.74,4608.78,8998.46
2022_09_01,1661990400000,mobile,423.76,974.04,2013.95,4061.99,8192.91
2022_08_01,1659312000000,desktop,496.48,1109.64,2261.87,4561.0,8935.04
2022_08_01,1659312000000,mobile,420.34,970.52,2007.24,4053.08,8166.89
2022_07_01,1656633600000,desktop,541.39,1154.17,2314.43,4627.88,9033.88
2022_07_01,1656633600000,mobile,449.76,1001.44,2040.21,4077.87,8163.63
2022_06_01,1654041600000,desktop,534.34,1144.85,2318.16,4648.85,9073.19
2022_06_01,1654041600000,mobile,450.17,993.7,2022.26,4046.71,8087.0
2022_05_12,1652313600000,desktop,480.99,972.85,1870.08,3645.17,7263.29
2022_05_12,1652313600000,mobile,407.27,839.62,1637.19,3208.1,6432.6
2022_05_01,1651363200000,desktop,528.78,1135.8,2300.72,4607.43,9003.51
2022_05_01,1651363200000,mobile,445.08,982.22,2003.24,4008.51,8019.15
2022_04_01,1648771200000,desktop,513.37,1097.63,2204.04,4391.72,8504.78
2022_04_01,1648771200000,mobile,442.65,980.13,2010.54,3988.7,7689.69
2022_03_01,1646092800000,desktop,503.36,1075.68,2165.49,4311.37,8321.09
2022_03_01,1646092800000,mobile,431.85,960.71,1974.15,3917.83,7566.17
2022_02_01,1643673600000,desktop,499.37,1073.94,2158.91,4287.79,8271.3
2022_02_01,1643673600000,mobile,429.91,962.51,1984.19,3961.11,7574.0
2022_01_01,1640995200000,desktop,505.35,1083.85,2174.17,4298.34,8206.25
2022_01_01,1640995200000,mobile,420.97,952.88,1957.45,3831.46,7038.25
2021_12_01,1638316800000,desktop,496.84,1075.69,2173.15,4303.26,8216.95
2021_12_01,1638316800000,mobile,411.34,938.31,1935.35,3776.03,6964.01
2021_11_01,1635724800000,desktop,500.47,1077.95,2173.1,4292.74,8161.58
2021_11_01,1635724800000,mobile,415.1,942.71,1940.33,3786.71,6966.72
2021_10_01,1633046400000,desktop,509.21,1093.81,2204.76,4327.64,8196.24
2021_10_01,1633046400000,mobile,417.88,947.03,1950.95,3794.4,6956.16
2021_09_01,1630454400000,desktop,512.13,1095.87,2198.47,4323.34,8188.61
2021_09_01,1630454400000,mobile,421.42,945.42,1941.45,3778.55,6945.54
2021_08_01,1627776000000,desktop,504.01,1081.8,2173.98,4276.97,8106.01
2021_08_01,1627776000000,mobile,412.97,930.9,1925.86,3752.37,6894.61
2021_07_01,1625097600000,desktop,496.5,1066.27,2148.79,4223.6,8000.33
2021_07_01,1625097600000,mobile,414.93,932.2,1920.31,3733.94,6854.07
2021_06_01,1622505600000,desktop,488.84,1052.59,2124.05,4139.8,7728.48
2021_06_01,1622505600000,mobile,407.2,925.43,1914.08,3732.86,6841.97
2021_05_01,1619827200000,desktop,485.52,1048.56,2123.58,4142.33,7703.99
2021_05_01,1619827200000,mobile,403.72,924.38,1917.47,3750.62,6850.89
2021_04_01,1617235200000,desktop,475.72,1033.77,2096.86,4096.41,7609.25
2021_04_01,1617235200000,mobile,393.76,911.11,1896.21,3703.13,6780.94
2021_03_01,1614556800000,desktop,475.51,1024.09,2063.0,4009.34,7445.38
2021_03_01,1614556800000,mobile,407.42,919.5,1900.0,3696.98,6763.26
2021_02_01,1612137600000,desktop,467.64,1007.73,2037.75,3980.91,7417.84
2021_02_01,1612137600000,mobile,382.3,892.47,1875.78,3669.74,6705.35
2021_01_01,1609459200000,desktop,465.65,1009.04,2038.44,3993.35,7454.67
2021_01_01,1609459200000,mobile,366.1,882.65,1879.3,3746.97,7046.01
2020_12_01,1606780800000,desktop,463.43,1012.29,2042.33,3996.71,7419.65
2020_12_01,1606780800000,mobile,383.0,899.78,1891.2,3706.03,6735.66
2020_11_01,1604188800000,desktop,456.53,998.16,2020.1,3941.4,7330.65
2020_11_01,1604188800000,mobile,379.96,894.56,1876.34,3651.7,6663.73
2020_10_01,1601510400000,desktop,470.38,1022.57,2062.75,3997.68,7396.62
2020_10_01,1601510400000,mobile,386.38,899.86,1891.4,3671.45,6704.01
2020_09_01,1598918400000,desktop,480.86,1047.64,2105.36,4047.01,7466.15
2020_09_01,1598918400000,mobile,393.45,922.58,1930.75,3720.11,6770.25
2020_08_01,1596240000000,desktop,472.31,1036.13,2098.93,4037.47,7441.82
2020_08_01,1596240000000,mobile,372.53,903.03,1917.65,3713.48,6776.91
2020_07_01,1593561600000,desktop,459.5,1013.61,2059.02,3964.69,7309.06
2020_07_01,1593561600000,mobile,380.04,905.84,1916.76,3715.7,6781.51
2020_06_01,1590969600000,desktop,440.69,981.0,2000.03,3864.92,7132.26
2020_06_01,1590969600000,mobile,347.89,863.59,1851.96,3611.07,6606.85
2020_05_01,1588291200000,desktop,435.56,979.39,2007.69,3888.58,7152.34
2020_05_01,1588291200000,mobile,350.73,870.14,1851.93,3590.73,6488.85
2020_04_01,1585699200000,desktop,445.99,996.58,2031.9,3913.25,7190.6
2020_04_01,1585699200000,mobile,358.3,882.23,1864.27,3605.43,6509.52
2020_03_01,1583020800000,desktop,489.16,1044.12,2080.05,3987.4,7308.0
2020_03_01,1583020800000,mobile,380.42,907.66,1885.12,3625.09,6547.89
2020_02_01,1580515200000,desktop,431.52,951.76,1957.72,3818.92,7067.14
2020_02_01,1580515200000,mobile,346.62,842.01,1791.91,3492.99,6363.53
2020_01_01,1577836800000,desktop,398.86,941.47,1969.44,3841.67,7128.51
2020_01_01,1577836800000,mobile,309.48,816.64,1770.5,3462.85,6320.74
2019_12_01,1575158400000,desktop,402.76,946.83,1980.85,3854.04,7117.77
2019_12_01,1575158400000,mobile,312.96,824.87,1790.91,3490.02,6351.77
2019_11_01,1572566400000,desktop,403.42,942.15,1965.72,3820.88,7047.72
2019_11_01,1572566400000,mobile,314.93,823.37,1779.01,3479.87,6331.73
2019_10_01,1569888000000,desktop,401.12,932.79,1950.37,3805.68,7000.63
2019_10_01,1569888000000,mobile,313.56,807.02,1751.89,3441.44,6272.95
2019_09_01,1567296000000,desktop,400.44,928.55,1939.46,3782.98,6965.55
2019_09_01,1567296000000,mobile,315.51,801.71,1744.92,3436.66,6254.34
2019_08_01,1564617600000,desktop,402.84,932.46,1946.86,3789.87,6961.04
2019_08_01,1564617600000,mobile,318.0,803.88,1749.44,3438.98,6250.5
2019_07_01,1561939200000,desktop,401.03,926.79,1936.57,3777.05,6947.76
2019_07_01,1561939200000,mobile,321.71,802.54,1747.17,3433.23,6229.63
2019_06_01,1559347200000,desktop,391.15,910.19,1905.44,3722.42,6848.26
2019_06_01,1559347200000,mobile,304.52,774.11,1696.1,3326.84,6047.36
2019_05_01,1556668800000,desktop,391.65,907.31,1896.79,3703.25,6806.71
2019_05_01,1556668800000,mobile,305.98,769.33,1683.6,3302.91,5997.85
2019_04_01,1554076800000,mobile,302.89,762.47,1682.3,3302.48,5986.35
2019_03_01,1551398400000,desktop,355.35,856.71,1828.18,3576.14,6531.79
2019_03_01,1551398400000,mobile,301.02,750.13,1669.01,3277.25,5920.25
2019_02_01,1548979200000,desktop,367.13,876.97,1861.73,3617.22,6610.54
2019_02_01,1548979200000,mobile,310.98,759.06,1672.06,3265.84,5909.67
2019_01_01,1546300800000,desktop,353.92,856.9,1836.79,3589.18,6651.43
2019_01_01,1546300800000,mobile,303.98,751.34,1669.23,3277.37,5973.65
2018_12_15,1544832000000,desktop,356.87,860.59,1847.91,3653.01,7007.69
2018_12_15,1544832000000,mobile,211.68,564.75,1285.29,2649.68,5076.11
2018_12_01,1543622400000,desktop,281.65,706.54,1584.87,3155.93,5928.29
2018_12_01,1543622400000,mobile,211.16,564.07,1288.35,2629.45,5037.36
2018_11_15,1542240000000,desktop,283.23,722.79,1627.58,3266.67,6095.65
2018_11_15,1542240000000,mobile,212.21,569.54,1303.83,2706.29,5165.4
2018_11_01,1541030400000,desktop,281.81,713.68,1587.79,3146.02,5921.09
2018_11_01,1541030400000,mobile,211.45,567.42,1299.84,2657.14,5101.65
2018_10_15,1539561600000,desktop,280.76,700.98,1533.23,3044.95,5841.14
2018_10_15,1539561600000,mobile,209.47,557.7,1269.31,2610.34,5026.21
2018_10_01,1538352000000,desktop,280.12,702.59,1540.88,3075.55,5978.71
2018_10_01,1538352000000,mobile,210.5,558.61,1273.22,2633.95,5125.98
2018_09_15,1536969600000,desktop,276.33,705.52,1544.65,3089.46,5975.75
2018_09_15,1536969600000,mobile,209.59,557.96,1270.18,2631.8,5100.08
2018_09_01,1535760000000,desktop,274.09,694.46,1525.62,3028.71,5904.71
2018_09_01,1535760000000,mobile,208.6,549.11,1257.31,2587.05,5050.68
2018_08_15,1534291200000,desktop,278.47,692.74,1517.71,3038.72,5953.33
2018_08_15,1534291200000,mobile,208.04,548.68,1271.81,2608.15,5108.45
2018_08_01,1533081600000,desktop,278.14,692.32,1511.38,2999.44,5842.9
2018_08_01,1533081600000,mobile,207.38,548.09,1253.87,2571.81,5027.72
2018_07_15,1531612800000,desktop,281.06,691.97,1512.6,2999.6,5840.55
2018_07_15,1531612800000,mobile,207.9,552.52,1248.02,2567.28,5026.13
2018_07_01,1530403200000,desktop,280.1,689.52,1502.43,2982.25,5843.5
2018_07_01,1530403200000,mobile,247.19,691.98,1568.18,3129.3,5852.49
2018_06_15,1529020800000,desktop,285.48,768.89,1709.38,3353.03,6398.13
2018_06_15,1529020800000,mobile,248.22,686.94,1565.95,3126.6,5846.33
2018_06_01,1527811200000,desktop,292.89,772.6,1702.15,3329.26,6345.14
2018_06_01,1527811200000,mobile,256.61,693.75,1569.26,3147.45,5976.81
2018_05_15,1526342400000,desktop,290.2,788.99,1719.74,3329.09,6304.74
2018_05_15,1526342400000,mobile,248.63,696.39,1561.49,3094.71,5782.88
2018_05_01,1525132800000,desktop,294.31,797.88,1736.41,3346.82,6297.71
2018_05_01,1525132800000,mobile,251.19,696.35,1553.8,3078.44,5768.42
2018_04_15,1523750400000,desktop,296.3,799.08,1730.89,3342.59,6296.43
2018_04_15,1523750400000,mobile,254.38,700.57,1560.3,3075.52,5753.17
2018_03_15,1521072000000,desktop,298.55,797.67,1712.92,3309.33,6226.32
2018_03_15,1521072000000,mobile,250.31,692.46,1545.49,3045.61,5683.52
2018_03_01,1519862400000,desktop,303.1,795.26,1698.4,3272.17,6176.97
2018_03_01,1519862400000,mobile,249.55,688.94,1532.3,3027.43,5634.48
2018_02_15,1518652800000,desktop,304.35,795.98,1699.04,3277.56,6187.4
2018_02_15,1518652800000,mobile,252.16,684.84,1524.0,3016.31,5622.89
2018_02_01,1517443200000,desktop,323.08,845.11,1786.12,3389.21,6314.53
2018_02_01,1517443200000,mobile,264.13,711.17,1575.01,3079.71,5679.78
2018_01_15,1515974400000,desktop,323.49,840.63,1776.14,3362.76,6241.99
2018_01_15,1515974400000,mobile,265.66,712.48,1574.16,3069.22,5668.84
2018_01_01,1514764800000,desktop,323.89,835.41,1772.18,3380.44,6284.47
2018_01_01,1514764800000,mobile,267.67,707.6,1569.25,3073.96,5671.36
2017_12_15,1513296000000,desktop,324.83,842.53,1794.69,3440.86,6423.8
2017_12_15,1513296000000,mobile,268.91,715.98,1587.9,3120.58,5763.24
2017_12_01,1512086400000,desktop,307.87,789.53,1695.29,3293.07,6218.11
2017_12_01,1512086400000,mobile,258.98,685.01,1523.84,3032.14,5654.5
2017_11_15,1510704000000,desktop,309.63,789.36,1681.6,3263.26,6192.46
2017_11_15,1510704000000,mobile,258.17,684.33,1514.49,3011.31,5622.4
2017_11_01,1509494400000,desktop,312.17,788.82,1676.13,3255.58,6164.66
2017_11_01,1509494400000,mobile,257.91,681.14,1508.39,2994.11,5559.26
2017_10_15,1508025600000,desktop,308.04,776.49,1654.89,3219.31,6126.39
2017_10_15,1508025600000,mobile,257.76,677.88,1496.25,2972.01,5540.49
2017_10_01,1506816000000,desktop,311.52,785.92,1665.79,3227.9,6140.93
2017_10_01,1506816000000,mobile,259.62,678.04,1495.57,2962.6,5506.2
2017_09_15,1505433600000,desktop,310.73,782.42,1661.64,3224.98,6133.93
2017_09_15,1505433600000,mobile,260.51,681.68,1498.93,2965.95,5500.35
2017_09_01,1504224000000,desktop,310.07,778.58,1655.15,3215.46,6104.27
2017_09_01,1504224000000,mobile,260.49,680.4,1490.99,2950.86,5478.48
2017_08_15,1502755200000,desktop,307.04,776.45,1652.08,3209.22,6060.99
2017_08_15,1502755200000,mobile,258.9,677.76,1485.25,2940.25,5444.49
2017_08_01,1501545600000,desktop,299.54,765.84,1639.18,3178.96,5999.38
2017_08_01,1501545600000,mobile,257.28,670.43,1475.17,2919.65,5419.95
2017_07_15,1500076800000,desktop,232.78,631.38,1420.61,2904.73,5664.19
2017_07_15,1500076800000,mobile,195.26,544.95,1269.93,2657.11,5110.28
2017_07_01,1498867200000,desktop,231.63,626.74,1412.14,2885.06,5602.57
2017_07_01,1498867200000,mobile,191.22,535.4,1255.52,2630.87,5058.32
2017_06_15,1497484800000,desktop,223.8,612.48,1392.16,2856.03,5521.63
2017_06_15,1497484800000,mobile,184.6,526.98,1242.08,2601.04,4982.68
2017_06_01,1496275200000,desktop,219.75,606.22,1382.21,2832.64,5467.32
2017_06_01,1496275200000,mobile,181.71,520.03,1229.44,2580.85,4940.98
2017_05_15,1494806400000,desktop,219.7,606.43,1376.17,2803.73,5427.13
2017_05_15,1494806400000,mobile,182.41,518.37,1223.7,2564.88,4898.98
2017_05_01,1493596800000,desktop,209.03,595.49,1354.87,2773.58,5372.58
2017_05_01,1493596800000,mobile,174.08,506.74,1204.83,2528.62,4869.47
2017_04_15,1492214400000,desktop,263.62,723.46,1561.96,3032.32,5611.36
2017_04_15,1492214400000,mobile,224.37,613.93,1387.77,2774.32,5149.75
2017_04_01,1491004800000,desktop,268.81,725.8,1559.82,3025.59,5587.48
2017_04_01,1491004800000,mobile,228.22,612.63,1381.13,2760.82,5121.54
2017_03_15,1489536000000,desktop,267.16,727.29,1559.32,3006.43,5528.73
2017_03_15,1489536000000,mobile,226.47,609.94,1372.67,2737.97,5058.79
2017_03_01,1488326400000,desktop,244.89,705.78,1532.2,2971.53,5469.12
2017_03_01,1488326400000,mobile,213.84,597.16,1354.55,2708.13,5011.48
2017_02_15,1487116800000,desktop,175.76,653.86,1485.32,2912.1,5387.39
2017_02_15,1487116800000,mobile,177.42,566.4,1322.3,2673.61,4978.34
2017_02_01,1485907200000,desktop,173.2,651.66,1479.57,2896.89,5347.23
2017_02_01,1485907200000,mobile,195.77,581.37,1334.33,2675.51,4969.51
2017_01_15,1484438400000,mobile,171.72,558.56,1306.67,2638.53,4890.24
2017_01_01,1483228800000,mobile,179.84,557.76,1301.65,2623.34,4869.1
2016_12_15,1481760000000,desktop,139.97,636.64,1502.09,2956.05,5430.23
2016_12_15,1481760000000,mobile,180.14,564.1,1323.22,2667.59,4935.29
2016_11_15,1479168000000,desktop,171.42,659.21,1509.64,2961.74,5426.27
2016_11_15,1479168000000,mobile,208.62,590.92,1348.29,2695.05,4961.56
2016_11_01,1477958400000,desktop,155.49,650.03,1505.77,2975.0,5475.32
2016_11_01,1477958400000,mobile,203.75,585.43,1344.37,2693.11,4988.64
2016_10_15,1476489600000,desktop,153.32,652.38,1515.5,3016.86,5625.77
2016_10_15,1476489600000,mobile,199.47,577.1,1327.18,2656.06,4891.24
2016_10_01,1475280000000,desktop,166.48,660.96,1524.31,3054.75,5825.53
2016_10_01,1475280000000,mobile,204.48,580.0,1322.75,2650.84,4890.53
2016_09_15,1473897600000,desktop,155.03,646.82,1490.62,2957.29,5516.36
2016_09_15,1473897600000,mobile,182.08,499.21,1220.62,2495.96,4612.87
2016_09_01,1472688000000,desktop,168.5,657.53,1495.03,2940.92,5426.39
2016_09_01,1472688000000,mobile,186.05,501.59,1215.24,2482.21,4585.67
2016_08_15,1471219200000,desktop,179.9,663.14,1493.16,2922.66,5361.62
2016_08_15,1471219200000,mobile,188.83,504.24,1209.72,2469.56,4564.07
2016_08_01,1470009600000,desktop,183.56,666.6,1493.36,2914.58,5323.06
2016_08_01,1470009600000,mobile,188.03,504.54,1209.23,2453.96,4507.58
2016_07_15,1468540800000,desktop,172.05,664.72,1478.32,2873.4,5272.71
2016_07_15,1468540800000,mobile,152.33,502.71,1206.83,2444.83,4488.9
2016_07_01,1467331200000,desktop,174.01,659.02,1467.13,2861.66,5300.18
2016_07_01,1467331200000,mobile,173.77,528.23,1202.4,2351.79,4274.21
2016_06_15,1465948800000,desktop,149.77,635.07,1451.12,2869.31,5405.85
2016_06_15,1465948800000,mobile,218.74,526.07,1144.54,2163.65,3802.62
2016_06_01,1464739200000,desktop,165.32,650.6,1463.73,2897.97,5528.88
2016_06_01,1464739200000,mobile,227.88,532.16,1141.39,2238.56,3923.45
2016_05_15,1463270400000,desktop,165.34,650.88,1469.48,2913.89,5497.19
2016_05_15,1463270400000,mobile,214.1,520.53,1146.79,2201.64,3765.82
2016_05_01,1462060800000,desktop,269.26,710.52,1480.05,2796.18,4923.38
2016_05_01,1462060800000,mobile,189.62,437.77,942.65,1765.69,2900.77
2016_04_15,1460678400000,desktop,258.52,696.51,1469.53,2771.7,4863.27
2016_04_15,1460678400000,mobile,180.09,432.47,940.08,1769.71,2912.36
2016_04_01,1459468800000,desktop,267.18,707.83,1479.08,2782.25,4873.72
2016_04_01,1459468800000,mobile,191.4,431.12,955.84,1756.45,2826.95
2016_03_15,1458000000000,desktop,266.97,713.29,1481.34,2776.74,4857.9
2016_03_01,1456790400000,desktop,270.87,712.61,1477.7,2757.49,4805.87
2016_03_01,1456790400000,mobile,187.01,434.78,960.32,1735.26,2835.25
2016_02_15,1455494400000,desktop,271.18,709.33,1465.92,2735.73,4763.8
2016_02_15,1455494400000,mobile,188.69,428.36,940.87,1718.01,2834.0
2016_02_01,1454284800000,desktop,269.77,701.21,1453.72,2715.02,4736.53
2016_02_01,1454284800000,mobile,187.43,431.27,940.53,1723.68,2787.44
2016_01_15,1452816000000,desktop,267.22,699.13,1441.68,2685.42,4676.78
2016_01_15,1452816000000,mobile,180.61,421.61,910.21,1684.06,2793.77
2016_01_01,1451606400000,desktop,267.88,705.57,1448.67,2695.38,4698.42
2016_01_01,1451606400000,mobile,184.53,438.88,905.3,1688.9,2779.19
2015_12_15,1450137600000,desktop,267.36,708.16,1466.43,2743.4,4800.12
2015_12_15,1450137600000,mobile,183.36,419.57,921.39,1706.47,2792.49
2015_12_01,1448928000000,desktop,261.21,695.66,1440.46,2691.39,4691.59
2015_12_01,1448928000000,mobile,175.07,406.6,893.44,1671.21,2724.09
2015_11_15,1447545600000,desktop,262.22,693.46,1432.48,2682.72,4705.06
2015_11_15,1447545600000,mobile,175.05,403.46,887.42,1672.23,2719.68
2015_11_01,1446336000000,desktop,263.36,687.95,1416.23,2637.86,4618.81
2015_11_01,1446336000000,mobile,176.21,393.41,880.14,1641.11,2649.7
2015_10_15,1444867200000,desktop,262.1,685.92,1410.55,2625.14,4595.96
2015_10_15,1444867200000,mobile,170.38,392.79,879.15,1627.62,2675.01
2015_10_01,1443657600000,desktop,213.87,594.73,1273.47,2379.03,4134.34
2015_10_01,1443657600000,mobile,170.5,389.99,869.57,1640.95,2689.83
2015_09_15,1442275200000,desktop,258.36,679.2,1399.87,2628.14,4590.5
2015_09_15,1442275200000,mobile,162.75,384.51,864.83,1615.03,2679.92
2015_09_01,1441065600000,desktop,255.07,671.56,1393.07,2629.85,4575.83
2015_09_01,1441065600000,mobile,164.55,394.79,852.81,1596.93,2661.37
2015_08_15,1439596800000,desktop,259.91,678.08,1398.42,2620.43,4587.4
2015_08_15,1439596800000,mobile,167.5,382.18,857.69,1592.24,2648.16
2015_08_01,1438387200000,desktop,256.43,673.25,1389.65,2621.53,4657.16
2015_08_01,1438387200000,mobile,165.72,377.15,856.79,1590.7,2564.05
2015_07_15,1436918400000,desktop,252.37,668.5,1385.96,2622.67,4643.17
2015_07_15,1436918400000,mobile,160.78,375.62,845.03,1586.0,2579.47
2015_07_01,1435708800000,desktop,249.23,656.46,1363.47,2581.5,4573.33
2015_07_01,1435708800000,mobile,161.61,370.06,846.0,1566.62,2629.34
2015_06_15,1434326400000,desktop,244.95,649.17,1349.28,2565.5,4605.34
2015_06_15,1434326400000,mobile,153.47,364.34,817.89,1536.69,2562.93
2015_06_01,1433116800000,desktop,243.66,644.69,1333.65,2529.47,4475.44
2015_06_01,1433116800000,mobile,155.88,371.43,816.32,1527.9,2559.16
2015_05_15,1431648000000,desktop,243.05,639.26,1328.22,2518.9,4511.77
2015_05_15,1431648000000,mobile,155.15,359.42,805.96,1527.84,2476.26
2015_05_01,1430438400000,desktop,239.67,632.67,1312.15,2469.24,4396.73
2015_05_01,1430438400000,mobile,150.75,349.34,806.92,1524.04,2508.06
2015_04_15,1429056000000,desktop,237.62,628.29,1307.97,2465.01,4401.33
2015_04_15,1429056000000,mobile,145.54,355.86,811.68,1539.08,2592.33
2015_04_01,1427846400000,desktop,221.89,594.29,1249.44,2347.34,4153.13
2015_04_01,1427846400000,mobile,147.64,361.94,813.38,1535.78,2548.71
2015_03_15,1426377600000,desktop,221.64,596.08,1246.58,2351.56,4198.75
2015_03_15,1426377600000,mobile,149.94,367.27,806.55,1523.4,2512.48
2015_03_01,1425168000000,desktop,234.98,616.14,1276.62,2397.51,4300.45
2015_03_01,1425168000000,mobile,150.03,364.54,818.15,1528.06,2579.71
2015_02_15,1423958400000,desktop,234.44,613.24,1272.36,2392.75,4278.34
2015_02_15,1423958400000,mobile,145.46,351.25,791.34,1497.32,2523.56
2015_02_01,1422748800000,desktop,232.35,608.88,1259.58,2357.47,4188.42
2015_02_01,1422748800000,mobile,143.88,342.96,768.39,1461.63,2460.48
2015_01_15,1421280000000,desktop,227.57,592.83,1239.45,2316.77,4098.09
2015_01_15,1421280000000,mobile,144.16,340.7,765.12,1458.29,2510.89
2015_01_01,1420070400000,desktop,225.51,588.19,1233.5,2307.22,4066.81
2015_01_01,1420070400000,mobile,136.98,347.06,750.24,1460.85,2460.48
2014_12_15,1418601600000,desktop,225.87,593.75,1249.38,2342.97,4145.05
2014_12_15,1418601600000,mobile,132.63,329.72,753.79,1457.53,2494.15
2014_12_01,1417392000000,desktop,222.56,586.52,1232.81,2322.93,4130.42
2014_12_01,1417392000000,mobile,129.89,318.31,736.14,1427.37,2464.84
2014_11_15,1416009600000,desktop,226.98,586.47,1228.76,2295.15,4007.23
2014_11_15,1416009600000,mobile,132.51,311.79,718.78,1419.87,2427.63
2014_11_01,1414800000000,desktop,230.69,589.72,1229.24,2303.35,4050.17
2014_11_01,1414800000000,mobile,138.89,317.29,728.49,1424.23,2417.33
2014_10_15,1413331200000,desktop,230.02,585.58,1225.56,2303.92,4105.95
2014_10_15,1413331200000,mobile,129.42,294.13,685.59,1362.47,2359.29
2014_10_01,1412121600000,desktop,227.3,577.03,1209.52,2265.2,3986.76
2014_10_01,1412121600000,mobile,130.6,291.21,673.32,1360.81,2309.21
2014_09_15,1410739200000,desktop,225.91,574.9,1204.51,2258.08,3970.04
2014_09_15,1410739200000,mobile,126.24,279.73,644.72,1317.73,2260.52
2014_09_01,1409529600000,desktop,224.42,569.74,1192.06,2236.56,3918.27
2014_09_01,1409529600000,mobile,126.64,285.51,667.88,1325.08,2324.91
2014_08_15,1408060800000,desktop,225.84,571.84,1189.26,2223.11,3905.6
2014_08_15,1408060800000,mobile,126.02,284.31,644.8,1299.75,2237.77
2014_08_01,1406851200000,desktop,224.25,572.24,1188.96,2210.0,3854.12
2014_08_01,1406851200000,mobile,134.44,286.03,643.43,1298.08,2279.14
2014_07_15,1405382400000,desktop,219.0,570.0,1184.68,2207.37,3865.1
2014_07_15,1405382400000,mobile,125.3,279.75,640.84,1262.16,2216.01
2014_07_01,1404172800000,desktop,216.01,565.46,1176.54,2199.39,3853.35
2014_07_01,1404172800000,mobile,125.5,287.46,627.6,1231.29,2167.61
2014_06_15,1402790400000,desktop,213.83,556.87,1160.99,2176.45,3806.92
2014_06_01,1401580800000,desktop,210.69,548.33,1146.93,2148.62,3746.45
2014_06_01,1401580800000,mobile,121.59,262.48,597.36,1175.74,2121.34
2014_05_15,1400112000000,desktop,209.16,542.9,1136.25,2134.91,3738.32
2014_05_15,1400112000000,mobile,117.35,258.45,598.32,1193.05,2037.57
2014_05_01,1398902400000,desktop,210.25,541.22,1129.99,2115.21,3716.62
2014_05_01,1398902400000,mobile,115.21,267.97,585.97,1178.59,2034.19
2014_04_15,1397520000000,desktop,207.22,536.43,1120.24,2098.49,3689.25
2014_04_15,1397520000000,mobile,113.83,252.77,592.89,1176.94,2059.52
2014_04_01,1396310400000,desktop,205.26,530.67,1109.3,2079.07,3647.34
2014_04_01,1396310400000,mobile,114.71,253.06,584.42,1168.93,2052.2
2014_03_15,1394841600000,desktop,199.66,522.56,1095.05,2058.96,3613.07
2014_03_15,1394841600000,mobile,108.18,257.19,570.04,1164.56,2019.16
2014_03_01,1393632000000,desktop,199.5,521.39,1088.29,2039.39,3574.06
2014_03_01,1393632000000,mobile,109.3,261.41,564.68,1135.16,2008.33
2014_02_15,1392422400000,desktop,200.29,519.18,1084.19,2032.26,3561.29
2014_02_15,1392422400000,mobile,107.88,253.72,559.97,1141.26,1978.24
2014_02_01,1391212800000,desktop,197.7,514.04,1072.44,2012.84,3535.67
2014_02_01,1391212800000,mobile,107.03,250.78,547.45,1128.79,1958.34
2014_01_15,1389744000000,desktop,196.73,511.83,1072.61,2008.03,3534.09
2014_01_15,1389744000000,mobile,107.58,248.53,550.38,1136.39,1939.39
2014_01_01,1388534400000,desktop,195.83,515.82,1081.38,2010.91,3516.11
2014_01_01,1388534400000,mobile,105.74,247.79,561.2,1107.24,1976.44
2013_12_15,1387065600000,desktop,197.23,525.59,1102.16,2048.95,3569.57
2013_12_15,1387065600000,mobile,106.95,245.74,546.56,1140.6,1966.58
2013_11_15,1384473600000,desktop,188.54,504.36,1062.48,1987.19,3462.82
2013_11_15,1384473600000,mobile,94.11,233.64,524.96,1100.31,1938.44
2013_11_01,1383264000000,desktop,185.47,487.66,1025.9,1930.21,3378.69
2013_11_01,1383264000000,mobile,94.23,228.42,518.38,1084.03,1920.16
2013_10_15,1381795200000,desktop,186.78,487.19,1026.62,1932.9,3402.14
2013_10_15,1381795200000,mobile,92.47,226.29,512.89,1079.96,1957.87
2013_10_01,1380585600000,desktop,185.63,480.85,1010.01,1899.43,3343.47
2013_10_01,1380585600000,mobile,94.23,229.84,506.15,1092.04,1924.02
2013_09_15,1379203200000,desktop,182.31,479.12,1006.63,1896.16,3338.97
2013_09_15,1379203200000,mobile,94.91,228.67,503.38,1059.24,1902.12
2013_09_01,1377993600000,desktop,175.13,468.58,989.53,1862.16,3245.28
2013_09_01,1377993600000,mobile,89.84,222.89,494.68,1050.78,1854.12
2013_08_15,1376524800000,desktop,160.33,446.34,965.08,1835.81,3225.04
2013_08_15,1376524800000,mobile,82.18,215.92,483.34,1022.24,1866.89
2013_08_01,1375315200000,desktop,157.49,435.38,948.58,1818.8,3225.62
2013_08_01,1375315200000,mobile,79.17,210.4,469.42,977.62,1837.96
2013_07_01,1372636800000,desktop,155.21,421.64,921.54,1780.75,3166.58
2013_07_01,1372636800000,mobile,73.03,192.61,432.29,939.64,1758.12
2013_06_15,1371254400000,desktop,153.82,419.08,912.49,1758.66,3111.69
2013_06_15,1371254400000,mobile,74.44,196.04,436.48,943.2,1793.44
2013_06_01,1370044800000,desktop,152.94,414.92,904.36,1745.34,3098.5
2013_06_01,1370044800000,mobile,76.56,197.43,439.84,972.39,1769.02
2013_05_15,1368576000000,desktop,149.53,411.09,896.62,1727.39,3080.82
2013_05_15,1368576000000,mobile,70.67,190.2,438.07,943.08,1758.79
2013_05_01,1367366400000,desktop,148.29,406.87,884.1,1703.98,3040.15
2013_05_01,1367366400000,mobile,72.49,190.54,434.66,941.47,1726.92
2013_04_15,1365984000000,desktop,149.46,406.52,878.59,1688.89,2993.66
2013_04_15,1365984000000,mobile,76.46,191.36,425.79,928.18,1700.54
2013_04_01,1364774400000,desktop,148.61,402.5,872.79,1667.14,2972.77
2013_04_01,1364774400000,mobile,76.14,190.26,419.06,901.89,1628.86
2013_03_15,1363305600000,desktop,147.21,398.41,864.82,1657.85,2950.05
2013_03_15,1363305600000,mobile,75.96,187.77,424.25,918.6,1688.53
2013_03_01,1362096000000,desktop,146.52,395.31,854.83,1638.53,2907.13
2013_03_01,1362096000000,mobile,76.53,188.34,427.55,920.54,1677.58
2013_02_15,1360886400000,desktop,143.08,388.24,844.61,1618.72,2864.71
2013_02_15,1360886400000,mobile,74.55,180.67,420.6,910.44,1660.51
2013_02_01,1359676800000,desktop,140.02,385.34,837.5,1606.49,2837.01
2013_02_01,1359676800000,mobile,75.98,179.98,412.84,896.73,1630.24
2013_01_15,1358208000000,desktop,138.54,380.87,833.97,1607.14,2841.81
2013_01_15,1358208000000,mobile,70.1,175.39,404.84,878.28,1615.6
2013_01_01,1356998400000,desktop,139.77,380.71,831.52,1605.75,2840.66
2013_01_01,1356998400000,mobile,70.34,175.13,403.67,868.8,1580.07
2012_12_15,1355529600000,desktop,144.7,385.24,839.99,1616.71,2857.29
2012_12_15,1355529600000,mobile,68.38,171.65,407.0,864.86,1594.72
2012_12_01,1354320000000,desktop,141.87,380.95,840.95,1617.24,2848.52
2012_12_01,1354320000000,mobile,63.79,165.01,387.18,855.0,1564.71
2012_11_15,1352937600000,desktop,138.52,375.25,831.17,1599.64,2823.82
2012_11_15,1352937600000,mobile,67.17,167.21,389.76,864.72,1547.59
2012_11_01,1351728000000,desktop,137.44,370.24,817.72,1569.93,2766.97
2012_11_01,1351728000000,mobile,66.02,162.97,380.6,878.25,1602.1
2012_10_15,1350259200000,desktop,137.11,366.32,810.38,1561.48,2732.4
2012_10_15,1350259200000,mobile,65.69,167.4,387.28,864.78,1611.4
2012_10_01,1349049600000,desktop,136.62,362.73,803.38,1545.73,2706.74
2012_10_01,1349049600000,mobile,66.0,160.44,386.32,866.91,1569.27
2012_09_15,1347667200000,desktop,126.32,336.72,742.82,1418.45,2412.11
2012_09_15,1347667200000,mobile,65.68,158.17,375.92,832.9,1528.21
2012_09_01,1346457600000,desktop,125.81,331.66,738.32,1416.59,2403.65
2012_09_01,1346457600000,mobile,64.25,153.02,375.36,839.09,1516.38
2012_08_15,1344988800000,desktop,126.96,331.0,748.88,1448.46,2438.98
2012_08_15,1344988800000,mobile,61.01,137.23,301.5,714.39,1362.39
2012_08_01,1343779200000,desktop,130.69,340.87,766.61,1471.84,2479.86
2012_08_01,1343779200000,mobile,55.77,139.28,301.71,688.54,1304.89
2012_07_15,1342310400000,desktop,128.38,335.64,744.74,1434.34,2412.44
2012_07_15,1342310400000,mobile,57.86,133.62,304.47,718.29,1383.73
2012_07_01,1341100800000,desktop,129.47,331.62,737.81,1423.36,2398.09
2012_07_01,1341100800000,mobile,55.4,129.46,297.15,691.06,1329.43
2012_06_15,1339718400000,desktop,127.33,326.35,723.15,1382.76,2343.59
2012_06_15,1339718400000,mobile,50.13,120.61,301.73,703.42,1346.16
2012_06_01,1338508800000,desktop,126.85,324.99,721.84,1382.74,2344.38
2012_06_01,1338508800000,mobile,46.73,117.04,291.98,685.88,1249.11
2012_05_15,1337040000000,desktop,125.58,322.92,718.09,1373.11,2321.95
2012_05_15,1337040000000,mobile,45.87,120.55,302.79,727.52,1270.81
2012_05_01,1335830400000,desktop,124.59,322.17,706.42,1345.38,2283.97
2012_05_01,1335830400000,mobile,44.04,118.73,295.69,703.5,1250.25
2012_04_15,1334448000000,desktop,124.07,313.74,698.61,1327.84,2244.97
2012_04_15,1334448000000,mobile,46.46,118.09,303.77,705.99,1255.44
2012_04_01,1333238400000,desktop,123.58,311.1,691.82,1320.17,2221.58
2012_04_01,1333238400000,mobile,43.28,113.81,293.31,680.5,1232.31
2012_03_15,1331769600000,desktop,126.72,314.33,690.83,1310.72,2214.97
2012_03_15,1331769600000,mobile,43.42,117.26,299.43,699.12,1235.83
2012_03_01,1330560000000,desktop,119.89,303.89,669.58,1274.97,2146.87
2012_03_01,1330560000000,mobile,42.81,116.7,287.87,676.65,1260.91
2012_02_15,1329264000000,desktop,119.55,302.08,662.38,1271.56,2128.07
2012_02_15,1329264000000,mobile,42.78,116.15,292.36,672.31,1262.38
2012_02_01,1328054400000,desktop,119.91,302.55,660.19,1264.87,2126.97
2012_02_01,1328054400000,mobile,42.7,113.81,295.42,672.79,1294.14
2012_01_15,1326585600000,desktop,121.1,302.15,659.55,1255.61,2108.46
2012_01_15,1326585600000,mobile,42.81,109.45,288.15,651.64,1240.48
2012_01_01,1325376000000,desktop,120.14,299.56,652.65,1248.14,2097.71
2012_01_01,1325376000000,mobile,40.82,107.48,293.77,648.53,1269.36
2011_12_15,1323907200000,desktop,121.65,299.57,657.57,1264.94,2141.62
2011_12_15,1323907200000,mobile,41.3,109.09,293.3,680.5,1256.63
2011_12_01,1322697600000,desktop,119.8,297.14,651.51,1245.98,2113.97
2011_12_01,1322697600000,mobile,41.76,106.92,293.95,656.39,1277.63
2011_11_15,1321315200000,desktop,115.84,290.5,633.74,1215.86,2061.32
2011_11_15,1321315200000,mobile,42.77,108.74,260.11,609.53,1184.58
2011_11_01,1320105600000,desktop,111.01,281.28,608.67,1165.06,1972.34
2011_11_01,1320105600000,mobile,42.56,110.91,261.74,624.77,1189.0
2011_10_15,1318636800000,desktop,96.09,257.11,570.14,1085.33,1866.2
2011_10_15,1318636800000,mobile,39.0,100.83,230.78,499.38,915.6
2011_10_01,1317427200000,desktop,99.64,259.49,572.4,1096.13,1871.3
2011_10_01,1317427200000,mobile,40.04,99.94,223.08,514.06,975.0
2011_09_15,1316044800000,desktop,98.79,258.44,565.54,1078.98,1856.76
2011_09_15,1316044800000,mobile,37.1,91.67,200.91,477.99,933.29
2011_09_01,1314835200000,desktop,93.56,250.12,550.85,1068.24,1818.65
2011_09_01,1314835200000,mobile,37.28,101.19,240.25,531.72,1049.09
2011_08_15,1313366400000,desktop,93.21,248.92,548.8,1051.16,1791.62
2011_08_15,1313366400000,mobile,39.11,94.74,231.77,520.88,1051.32
2011_08_01,1312156800000,desktop,93.29,244.28,536.62,1024.84,1735.11
2011_08_01,1312156800000,mobile,35.6,99.96,233.93,520.27,1030.81
2011_07_15,1310688000000,desktop,98.79,249.89,549.25,1049.08,1782.38
2011_07_15,1310688000000,mobile,38.15,93.82,231.37,499.79,999.05
2011_07_01,1309478400000,desktop,97.87,244.79,540.37,1037.46,1789.02
2011_07_01,1309478400000,mobile,38.71,95.5,233.41,521.85,1008.88
2011_06_15,1308096000000,desktop,96.09,243.69,532.41,1021.25,1726.52
2011_06_15,1308096000000,mobile,32.24,83.98,202.25,486.69,1014.32
2011_06_01,1306886400000,desktop,97.33,242.42,524.39,1005.5,1720.29
2011_06_01,1306886400000,mobile,37.66,86.17,202.51,475.31,984.88
2011_05_16,1305504000000,desktop,96.66,239.93,518.86,993.24,1715.71
2011_05_16,1305504000000,mobile,33.02,80.22,144.84,376.96,656.52
2011_04_30,1304121600000,desktop,94.98,236.33,510.47,976.56,1687.06
2011_04_15,1302825600000,desktop,99.32,237.45,515.75,990.76,1704.05
2011_03_29,1301356800000,desktop,95.32,231.93,501.94,959.61,1643.27
2011_03_15,1300147200000,desktop,92.85,228.46,496.2,950.9,1640.27
2011_02_26,1298678400000,desktop,94.86,228.1,496.79,945.39,1633.33
2011_02_11,1297382400000,desktop,92.53,230.39,483.54,919.48,1577.44
2011_01_31,1296432000000,desktop,88.5,222.61,490.66,931.29,1617.67
2011_01_20,1295481600000,desktop,87.94,221.04,483.96,930.2,1626.57
2010_12_28,1293494400000,desktop,86.71,220.91,480.99,926.38,1600.32
2010_12_16,1292457600000,desktop,86.74,222.87,487.85,951.55,1647.95
2010_11_29,1290988800000,desktop,84.29,216.34,473.11,904.62,1575.63
2010_11_15,1289779200000,desktop,85.07,217.0,467.7,899.25,1578.33